{"cameraMode":{"drawMode":0,"name":"Shaded","section":"Shading Mode"},"sceneLighting":false,"audioPlay":false,"sceneViewState":{"m_AlwaysRefresh":false,"showFog":true,"showSkybox":false,"showFlares":true,"showImageEffects":true,"showParticleSystems":true,"showVisualEffectGraphs":true,"m_FxEnabled":true},"in2DMode":false,"pivot":{"x":2.9802322387695315e-8,"y":0.19999746978282929,"z":-5.960464477539063e-8},"rotation":{"x":0.4423837661743164,"y":0.07972387224435806,"z":-0.039514586329460147,"w":0.8924256563186646},"size":0.5528355836868286,"orthographic":false}