{"cameraMode":{"drawMode":0,"name":"Shaded","section":"Shading Mode"},"sceneLighting":true,"audioPlay":false,"sceneViewState":{"m_AlwaysRefresh":false,"showFog":true,"showSkybox":true,"showFlares":true,"showImageEffects":true,"showParticleSystems":true,"showVisualEffectGraphs":true,"m_FxEnabled":true},"in2DMode":false,"pivot":{"x":787.9561157226563,"y":198.6393585205078,"z":2557.019775390625},"rotation":{"x":0.7081658840179443,"y":0.0010590681340545416,"z":-0.0010622496483847499,"w":0.7060445547103882},"size":16.595266342163087,"orthographic":true}