{"cameraMode":{"drawMode":0,"name":"Shaded","section":"Shading Mode"},"sceneLighting":true,"audioPlay":false,"sceneViewState":{"m_AlwaysRefresh":false,"showFog":true,"showSkybox":true,"showFlares":true,"showImageEffects":true,"showParticleSystems":true,"showVisualEffectGraphs":true,"m_FxEnabled":true},"in2DMode":false,"pivot":{"x":345.8561096191406,"y":206.30506896972657,"z":163.01625061035157},"rotation":{"x":-0.011085609905421734,"y":-0.05397060886025429,"z":-0.0005983419832773507,"w":0.9984840154647827},"size":289.49420166015627,"orthographic":true}