{"cameraMode":{"drawMode":0,"name":"Shaded","section":"Shading Mode"},"sceneLighting":true,"audioPlay":false,"sceneViewState":{"m_AlwaysRefresh":false,"showFog":true,"showSkybox":true,"showFlares":true,"showImageEffects":true,"showParticleSystems":true,"showVisualEffectGraphs":true,"m_FxEnabled":true},"in2DMode":false,"pivot":{"x":346.7931213378906,"y":187.28004455566407,"z":-8.916168212890625},"rotation":{"x":0.07581828534603119,"y":-0.013460720889270306,"z":0.0010236031375825406,"w":0.9970307350158691},"size":270.6903381347656,"orthographic":true}