{"cameraMode":{"drawMode":0,"name":"Shaded","section":"Shading Mode"},"sceneLighting":true,"audioPlay":false,"sceneViewState":{"m_AlwaysRefresh":false,"showFog":true,"showSkybox":true,"showFlares":true,"showImageEffects":true,"showParticleSystems":true,"showVisualEffectGraphs":true,"m_FxEnabled":true},"in2DMode":false,"pivot":{"x":646.326416015625,"y":407.07623291015627,"z":-87.74473571777344},"rotation":{"x":0.04138642176985741,"y":-0.0014928278978914023,"z":0.00006803520227549598,"w":0.9991533160209656},"size":337.1800231933594,"orthographic":false}