{"cameraMode":{"drawMode":0,"name":"Shaded","section":"Shading Mode"},"sceneLighting":true,"audioPlay":false,"sceneViewState":{"m_AlwaysRefresh":false,"showFog":true,"showSkybox":true,"showFlares":true,"showImageEffects":true,"showParticleSystems":true,"showVisualEffectGraphs":true,"m_FxEnabled":true},"in2DMode":false,"pivot":{"x":411.0838928222656,"y":259.0235900878906,"z":311.7497863769531},"rotation":{"x":0.006897836923599243,"y":-0.0014943975256755949,"z":0.00001650655576668214,"w":0.9999864101409912},"size":431.77838134765627,"orthographic":false}