{"cameraMode":{"drawMode":0,"name":"Shaded","section":"Shading Mode"},"sceneLighting":true,"audioPlay":false,"sceneViewState":{"m_AlwaysRefresh":false,"showFog":true,"showSkybox":true,"showFlares":true,"showImageEffects":true,"showParticleSystems":true,"showVisualEffectGraphs":true,"m_FxEnabled":true},"in2DMode":false,"pivot":{"x":312.8282165527344,"y":142.81814575195313,"z":53.444549560546878},"rotation":{"x":0.005997741594910622,"y":0.0012055665720254183,"z":-0.0000013945744967713836,"w":0.9999926686286926},"size":343.3504943847656,"orthographic":false}