{"cameraMode":{"drawMode":0,"name":"Shaded","section":"Shading Mode"},"sceneLighting":true,"audioPlay":false,"sceneViewState":{"m_AlwaysRefresh":false,"showFog":true,"showSkybox":true,"showFlares":true,"showImageEffects":true,"showParticleSystems":true,"showVisualEffectGraphs":true,"m_FxEnabled":true},"in2DMode":false,"pivot":{"x":400.74664306640627,"y":95.26885986328125,"z":1276.3148193359375},"rotation":{"x":-0.19697733223438264,"y":-0.018531112000346185,"z":0.0037238316144794227,"w":-0.9802266955375671},"size":75.59476470947266,"orthographic":false}