{"cameraMode":{"drawMode":0,"name":"Shaded","section":"Shading Mode"},"sceneLighting":true,"audioPlay":false,"sceneViewState":{"m_AlwaysRefresh":false,"showFog":true,"showSkybox":true,"showFlares":true,"showImageEffects":true,"showParticleSystems":true,"showVisualEffectGraphs":true,"m_FxEnabled":true},"in2DMode":false,"pivot":{"x":-0.3246169984340668,"y":0.10896246135234833,"z":-0.23222419619560243},"rotation":{"x":0.13078804314136506,"y":0.25854501128196719,"z":-0.03534797579050064,"w":0.956457257270813},"size":1.8323383331298829,"orthographic":true}