{"cameraMode":{"drawMode":0,"name":"Shaded","section":"Shading Mode"},"sceneLighting":true,"audioPlay":false,"sceneViewState":{"m_AlwaysRefresh":false,"showFog":true,"showSkybox":true,"showFlares":true,"showImageEffects":true,"showParticleSystems":true,"showVisualEffectGraphs":true,"m_FxEnabled":true},"in2DMode":false,"pivot":{"x":786.0787963867188,"y":188.74765014648438,"z":2563.862548828125},"rotation":{"x":0.285471647977829,"y":0.004032222554087639,"z":-0.0011950274929404259,"w":0.958389937877655},"size":7.098752498626709,"orthographic":false}