{"cameraMode":{"drawMode":0,"name":"Shaded","section":"Shading Mode"},"sceneLighting":true,"audioPlay":false,"sceneViewState":{"m_AlwaysRefresh":false,"showFog":true,"showSkybox":true,"showFlares":true,"showImageEffects":true,"showParticleSystems":true,"showVisualEffectGraphs":true,"m_FxEnabled":true},"in2DMode":false,"pivot":{"x":604.4299926757813,"y":404.39495849609377,"z":343.92205810546877},"rotation":{"x":0.008997444063425064,"y":-0.00479477271437645,"z":0.00004897017788607627,"w":0.9999599456787109},"size":364.7998352050781,"orthographic":false}