{"cameraMode":{"drawMode":0,"name":"Shaded","section":"Shading Mode"},"sceneLighting":true,"audioPlay":false,"sceneViewState":{"m_AlwaysRefresh":false,"showFog":true,"showSkybox":true,"showFlares":true,"showImageEffects":true,"showParticleSystems":true,"showVisualEffectGraphs":true,"m_FxEnabled":true},"in2DMode":false,"pivot":{"x":0.2710655629634857,"y":-0.6992349624633789,"z":0.027702054008841516},"rotation":{"x":-0.44465208053588869,"y":-0.008869566954672337,"z":0.004403419326990843,"w":-0.8956500887870789},"size":5.833016395568848,"orthographic":false}