{"cameraMode":{"drawMode":0,"name":"Shaded","section":"Shading Mode"},"sceneLighting":true,"audioPlay":false,"sceneViewState":{"m_AlwaysRefresh":false,"showFog":true,"showSkybox":true,"showFlares":true,"showImageEffects":true,"showParticleSystems":true,"showVisualEffectGraphs":true,"m_FxEnabled":true},"in2DMode":false,"pivot":{"x":539.3855590820313,"y":455.11187744140627,"z":364.5501403808594},"rotation":{"x":-0.0029980894178152086,"y":-0.05576647073030472,"z":-0.00016164366388693452,"w":0.998451292514801},"size":417.02008056640627,"orthographic":false}