{"cameraMode":{"drawMode":0,"name":"Shaded","section":"Shading Mode"},"sceneLighting":false,"audioPlay":false,"sceneViewState":{"m_AlwaysRefresh":false,"showFog":true,"showSkybox":false,"showFlares":true,"showImageEffects":true,"showParticleSystems":true,"showVisualEffectGraphs":true,"m_FxEnabled":true},"in2DMode":false,"pivot":{"x":2.9802322387695315e-8,"y":0.19999746978282929,"z":-5.960464477539063e-8},"rotation":{"x":-0.19697733223438264,"y":-0.018531112000346185,"z":0.0037238316144794227,"w":-0.9802266955375671},"size":0.5528355836868286,"orthographic":false}