{"cameraMode":{"drawMode":0,"name":"Shaded","section":"Shading Mode"},"sceneLighting":false,"audioPlay":false,"sceneViewState":{"m_AlwaysRefresh":false,"showFog":true,"showSkybox":false,"showFlares":true,"showImageEffects":true,"showParticleSystems":true,"showVisualEffectGraphs":true,"m_FxEnabled":true},"in2DMode":false,"pivot":{"x":-0.066624216735363,"y":0.43509119749069216,"z":-0.30901098251342776},"rotation":{"x":0.09404021501541138,"y":-0.026283875107765199,"z":0.0024704437237232925,"w":0.9952481985092163},"size":1.0330157279968262,"orthographic":false}