{"cameraMode":{"drawMode":0,"name":"Shaded","section":"Shading Mode"},"sceneLighting":false,"audioPlay":false,"sceneViewState":{"m_AlwaysRefresh":false,"showFog":true,"showSkybox":false,"showFlares":true,"showImageEffects":true,"showParticleSystems":true,"showVisualEffectGraphs":true,"m_FxEnabled":true},"in2DMode":false,"pivot":{"x":410.3551330566406,"y":278.1778869628906,"z":21.344146728515626},"rotation":{"x":0.07881490141153336,"y":-0.0059761470183730129,"z":0.0004779683076776564,"w":0.9968767762184143},"size":268.9956970214844,"orthographic":true}