{"cameraMode":{"drawMode":0,"name":"Shaded","section":"Shading Mode"},"sceneLighting":false,"audioPlay":false,"sceneViewState":{"m_AlwaysRefresh":false,"showFog":true,"showSkybox":false,"showFlares":true,"showImageEffects":true,"showParticleSystems":true,"showVisualEffectGraphs":true,"m_FxEnabled":true},"in2DMode":false,"pivot":{"x":200.2864532470703,"y":619.9329833984375,"z":76.09442138671875},"rotation":{"x":0.09674321860074997,"y":0.008956735022366047,"z":-0.0008699896279722452,"w":0.9952775835990906},"size":541.2285766601563,"orthographic":false}