{"cameraMode":{"drawMode":0,"name":"Shaded","section":"Shading Mode"},"sceneLighting":false,"audioPlay":false,"sceneViewState":{"m_AlwaysRefresh":false,"showFog":true,"showSkybox":false,"showFlares":true,"showImageEffects":true,"showParticleSystems":true,"showVisualEffectGraphs":true,"m_FxEnabled":true},"in2DMode":false,"pivot":{"x":358.3821716308594,"y":451.3115539550781,"z":555.7880249023438},"rotation":{"x":0.010497614741325379,"y":-0.00990054477006197,"z":0.00009544591011945158,"w":0.9999076724052429},"size":616.2489624023438,"orthographic":false}