{"cameraMode":{"drawMode":0,"name":"Shaded","section":"Shading Mode"},"sceneLighting":false,"audioPlay":false,"sceneViewState":{"m_AlwaysRefresh":false,"showFog":true,"showSkybox":false,"showFlares":true,"showImageEffects":true,"showParticleSystems":true,"showVisualEffectGraphs":true,"m_FxEnabled":true},"in2DMode":false,"pivot":{"x":-0.18833446502685548,"y":0.09697624295949936,"z":0.7221522927284241},"rotation":{"x":0.685575008392334,"y":-0.002183999866247177,"z":0.0020567330066114666,"w":0.7279950976371765},"size":3.87157940864563,"orthographic":false}