{"cameraMode":{"drawMode":0,"name":"Shaded","section":"Shading Mode"},"sceneLighting":false,"audioPlay":false,"sceneViewState":{"m_AlwaysRefresh":false,"showFog":true,"showSkybox":false,"showFlares":true,"showImageEffects":true,"showParticleSystems":true,"showVisualEffectGraphs":true,"m_FxEnabled":true},"in2DMode":false,"pivot":{"x":642.4174194335938,"y":362.7469177246094,"z":-3.9986038208007814},"rotation":{"x":0.01139878947287798,"y":-0.0030010014306753875,"z":0.000032585361623205245,"w":0.9999432563781738},"size":396.2275390625,"orthographic":false}