{"cameraMode":{"drawMode":0,"name":"Shaded","section":"Shading Mode"},"sceneLighting":false,"audioPlay":false,"sceneViewState":{"m_AlwaysRefresh":false,"showFog":true,"showSkybox":false,"showFlares":true,"showImageEffects":true,"showParticleSystems":true,"showVisualEffectGraphs":true,"m_FxEnabled":true},"in2DMode":false,"pivot":{"x":-0.9553955793380737,"y":4.550536155700684,"z":-0.786907970905304},"rotation":{"x":0.6446047425270081,"y":-0.0006939629674889147,"z":0.0005747227696701884,"w":0.7645285129547119},"size":2.616187810897827,"orthographic":false}