{"cameraMode":{"drawMode":0,"name":"Shaded","section":"Shading Mode"},"sceneLighting":false,"audioPlay":false,"sceneViewState":{"m_AlwaysRefresh":false,"showFog":true,"showSkybox":false,"showFlares":true,"showImageEffects":true,"showParticleSystems":true,"showVisualEffectGraphs":true,"m_FxEnabled":true},"in2DMode":false,"pivot":{"x":394.77972412109377,"y":241.5562744140625,"z":380.22113037109377},"rotation":{"x":-0.028492746874690057,"y":-0.017392905429005624,"z":-0.0005033850902691484,"w":0.9994535446166992},"size":419.2204895019531,"orthographic":false}