{"cameraMode":{"drawMode":0,"name":"Shaded","section":"Shading Mode"},"sceneLighting":false,"audioPlay":false,"sceneViewState":{"m_AlwaysRefresh":false,"showFog":true,"showSkybox":false,"showFlares":true,"showImageEffects":true,"showParticleSystems":true,"showVisualEffectGraphs":true,"m_FxEnabled":true},"in2DMode":false,"pivot":{"x":305.1272277832031,"y":298.80877685546877,"z":209.16824340820313},"rotation":{"x":-0.013499370776116848,"y":-0.011399629525840283,"z":-0.00016093390877358615,"w":0.999855101108551},"size":382.97772216796877,"orthographic":false}