{"cameraMode":{"drawMode":0,"name":"Shaded","section":"Shading Mode"},"sceneLighting":false,"audioPlay":false,"sceneViewState":{"m_AlwaysRefresh":false,"showFog":true,"showSkybox":false,"showFlares":true,"showImageEffects":true,"showParticleSystems":true,"showVisualEffectGraphs":true,"m_FxEnabled":true},"in2DMode":false,"pivot":{"x":480.5955505371094,"y":334.4107666015625,"z":8.691520690917969},"rotation":{"x":0.004494270775467157,"y":0.04558318108320236,"z":-0.00021061244478914887,"w":0.9989616870880127},"size":359.185791015625,"orthographic":false}