{"cameraMode":{"drawMode":0,"name":"Shaded","section":"Shading Mode"},"sceneLighting":false,"audioPlay":false,"sceneViewState":{"m_AlwaysRefresh":false,"showFog":true,"showSkybox":false,"showFlares":true,"showImageEffects":true,"showParticleSystems":true,"showVisualEffectGraphs":true,"m_FxEnabled":true},"in2DMode":false,"pivot":{"x":-0.8930172324180603,"y":-8.403436660766602,"z":1.6227015256881714},"rotation":{"x":0.5793679356575012,"y":0.01002251822501421,"z":-0.007128478493541479,"w":0.8149868249893189},"size":8.313575744628907,"orthographic":false}