{"cameraMode":{"drawMode":0,"name":"Shaded","section":"Shading Mode"},"sceneLighting":false,"audioPlay":false,"sceneViewState":{"m_AlwaysRefresh":false,"showFog":true,"showSkybox":false,"showFlares":true,"showImageEffects":true,"showParticleSystems":true,"showVisualEffectGraphs":true,"m_FxEnabled":true},"in2DMode":false,"pivot":{"x":-0.512076199054718,"y":-5.165311813354492,"z":4.479480266571045},"rotation":{"x":0.48548826575279238,"y":-0.015214743092656136,"z":0.008442653343081475,"w":0.8740827441215515},"size":8.700312614440918,"orthographic":false}