{"cameraMode":{"drawMode":0,"name":"Shaded","section":"Shading Mode"},"sceneLighting":false,"audioPlay":false,"sceneViewState":{"m_AlwaysRefresh":false,"showFog":true,"showSkybox":false,"showFlares":true,"showImageEffects":true,"showParticleSystems":true,"showVisualEffectGraphs":true,"m_FxEnabled":true},"in2DMode":false,"pivot":{"x":57.65413284301758,"y":26.517789840698243,"z":-1.2679861783981324},"rotation":{"x":-0.042051538825035098,"y":0.15818831324577332,"z":0.006742515135556459,"w":0.9865015149116516},"size":5.809556484222412,"orthographic":false}