{"cameraMode":{"drawMode":0,"name":"Shaded","section":"Shading Mode"},"sceneLighting":false,"audioPlay":false,"sceneViewState":{"m_AlwaysRefresh":false,"showFog":true,"showSkybox":false,"showFlares":true,"showImageEffects":true,"showParticleSystems":true,"showVisualEffectGraphs":true,"m_FxEnabled":true},"in2DMode":false,"pivot":{"x":-0.44515281915664675,"y":1.1751139163970948,"z":1.0802230834960938},"rotation":{"x":0.3752691149711609,"y":-0.09237256646156311,"z":0.03762397542595863,"w":0.9215567708015442},"size":7.179898262023926,"orthographic":false}