{"cameraMode":{"drawMode":0,"name":"Shaded","section":"Shading Mode"},"sceneLighting":false,"audioPlay":false,"sceneViewState":{"m_AlwaysRefresh":false,"showFog":true,"showSkybox":false,"showFlares":true,"showImageEffects":true,"showParticleSystems":true,"showVisualEffectGraphs":true,"m_FxEnabled":true},"in2DMode":false,"pivot":{"x":556.4849243164063,"y":637.9487915039063,"z":-22.224998474121095},"rotation":{"x":-0.011085609905421734,"y":-0.05397060886025429,"z":-0.0005983419832773507,"w":0.9984840154647827},"size":129.04324340820313,"orthographic":true}