{"cameraMode":{"drawMode":0,"name":"Shaded","section":"Shading Mode"},"sceneLighting":false,"audioPlay":false,"sceneViewState":{"m_AlwaysRefresh":false,"showFog":true,"showSkybox":false,"showFlares":true,"showImageEffects":true,"showParticleSystems":true,"showVisualEffectGraphs":true,"m_FxEnabled":true},"in2DMode":false,"pivot":{"x":-0.18739868700504304,"y":11.15552043914795,"z":70.59700012207031},"rotation":{"x":-0.18818072974681855,"y":0.0020598392002284528,"z":-0.00039464584551751614,"w":-0.9821334481239319},"size":45.24569320678711,"orthographic":false}