{"cameraMode":{"drawMode":0,"name":"Shaded","section":"Shading Mode"},"sceneLighting":false,"audioPlay":false,"sceneViewState":{"m_AlwaysRefresh":false,"showFog":true,"showSkybox":false,"showFlares":true,"showImageEffects":true,"showParticleSystems":true,"showVisualEffectGraphs":true,"m_FxEnabled":true},"in2DMode":false,"pivot":{"x":108.6430892944336,"y":42.26990509033203,"z":-0.2003765106201172},"rotation":{"x":0.08478464931249619,"y":-0.01643470674753189,"z":0.0014041168615221978,"w":0.9962684512138367},"size":58.73624801635742,"orthographic":true}