{"cameraMode":{"drawMode":0,"name":"Shaded","section":"Shading Mode"},"sceneLighting":false,"audioPlay":false,"sceneViewState":{"m_AlwaysRefresh":false,"showFog":true,"showSkybox":false,"showFlares":true,"showImageEffects":true,"showParticleSystems":true,"showVisualEffectGraphs":true,"m_FxEnabled":true},"in2DMode":false,"pivot":{"x":0.32413744926452639,"y":1.021024227142334,"z":0.6398415565490723},"rotation":{"x":-0.1750965267419815,"y":-0.11871875077486038,"z":0.021273553371429445,"w":-0.9771507382392883},"size":2.6620004177093508,"orthographic":false}