{"cameraMode":{"drawMode":0,"name":"Shaded","section":"Shading Mode"},"sceneLighting":false,"audioPlay":false,"sceneViewState":{"m_AlwaysRefresh":false,"showFog":true,"showSkybox":false,"showFlares":true,"showImageEffects":true,"showParticleSystems":true,"showVisualEffectGraphs":true,"m_FxEnabled":true},"in2DMode":false,"pivot":{"x":576.3770141601563,"y":564.5150756835938,"z":33.8739128112793},"rotation":{"x":-0.051287028938531879,"y":-0.0009014501119963825,"z":0.000046332563215401024,"w":-0.9986850023269653},"size":365.3463439941406,"orthographic":false}